Email,Email RegEx
zxhequrujd@,Email non valida
zpolesel@giannone-guicciardini.it,zpolesel@giannone-guicciardini.it
zgaltarossa@libero.it,zgaltarossa@libero.it
zddfalxtxf@,Email non valida
zcapuana@telesio-gagliano.it,zcapuana@telesio-gagliano.it
zboitani@maffei-lancisi.org,zboitani@maffei-lancisi.org
zbaresi@libero.it,zbaresi@libero.it
ywkfezdrgf@,Email non valida
ymanzoni@tiscali.it,ymanzoni@tiscali.it
yhqnnsmhat@,Email non valida
ycrispi@gmail.com,ycrispi@gmail.com
ybjnmdhawp@,Email non valida
xungaretti@giannelli-mercadante.it,xungaretti@giannelli-mercadante.it
xstrangio@outlook.com,xstrangio@outlook.com
xovwmtcoup@,Email non valida
xoeeqhbuvh@,Email non valida
wsgalambro@lucchesi-asmundo.org,wsgalambro@lucchesi-asmundo.org
wroncalli@piane-sbarbaro.it,wroncalli@piane-sbarbaro.it
wedtoehobs@,Email non valida
wbartoli@ungaretti.com,wbartoli@ungaretti.com
vrossini@cortese.it,vrossini@cortese.it
vmarconi@gmail.com,vmarconi@gmail.com
vljjgdxzgj@,Email non valida
vjwkojoipk@,Email non valida
vjppwvblmg@,Email non valida
viridiana83@endrizzi-lerner.com,viridiana83@endrizzi-lerner.com
versacegaspare@pedroni-pulci.it,versacegaspare@pedroni-pulci.it
verdipasquale@libero.it,verdipasquale@libero.it
vcasale@outlook.com,vcasale@outlook.com
vbresciani@morandini.eu,vbresciani@morandini.eu
vasmundo@tin.it,vasmundo@tin.it
vanessa66@tin.it,vanessa66@tin.it
valerio03@yahoo.com,valerio03@yahoo.com
valeria60@maderno.it,valeria60@maderno.it
upnlejayzp@,Email non valida
ulmirkezra@,Email non valida
ugolino33@ritacca.it,ugolino33@ritacca.it
ucardano@yahoo.com,ucardano@yahoo.com
uabyyqjzix@,Email non valida
tvjxdvcliq@,Email non valida
trezzinielvira@gmail.com,trezzinielvira@gmail.com
toscanigiacinto@cattaneo-morabito.com,toscanigiacinto@cattaneo-morabito.com
tomeicamillo@virgilio.it,tomeicamillo@virgilio.it
toldogiorgio@hotmail.com,toldogiorgio@hotmail.com
teresa09@bottigliero.org,teresa09@bottigliero.org
szrtagqmyc@,Email non valida
sxsfxsqvxb@,Email non valida
stomasetti@gmail.com,stomasetti@gmail.com
soniaprada@babato.com,soniaprada@babato.com
sonia78@tarantini-pincherle.org,sonia78@tarantini-pincherle.org
sonia46@pontecorvo.org,sonia46@pontecorvo.org
socolljbar@,Email non valida
snqrnmhspi@,Email non valida
snotarbartolo@ginese.net,snotarbartolo@ginese.net
snafqlmofl@,Email non valida
sfantoni@tin.it,sfantoni@tin.it
sebastianolippomano@errani.it,sebastianolippomano@errani.it
santinofanucci@michelangeli.com,santinofanucci@michelangeli.com
sandronicoletti@rusticucci.it,sandronicoletti@rusticucci.it
sandra22@outlook.com,sandra22@outlook.com
salvinovaro@dibiasi-perozzo.it,salvinovaro@dibiasi-perozzo.it
ruggieriliana@fastwebnet.it,ruggieriliana@fastwebnet.it
roxmjwehsl@,Email non valida
rosario12@varano-conti.it,rosario12@varano-conti.it
rosaria38@gmail.com,rosaria38@gmail.com
romeo96@ciani.it,romeo96@ciani.it
romana43@libero.it,romana43@libero.it
rodolfogasperi@tin.it,rodolfogasperi@tin.it
rocco25@vecellio.it,rocco25@vecellio.it
rlywisgbbl@,Email non valida
riccivirginia@tiscali.it,riccivirginia@tiscali.it
ricciotti40@gianvecchio.it,ricciotti40@gianvecchio.it
qwdcmfedne@,Email non valida
qwbpomxwdk@,Email non valida
qgjdmwkhwc@,Email non valida
qfjeiwrytr@,Email non valida
qdallape@morandini.com,qdallape@morandini.com
qanguillara@mondadori-correr.org,qanguillara@mondadori-correr.org
pyanyqbfqo@,Email non valida
ptjzvfdtum@,Email non valida
pratesifabrizia@parini.it,pratesifabrizia@parini.it
pomponioligorio@libero.it,pomponioligorio@libero.it
pinagagliardi@schicchi.org,pinagagliardi@schicchi.org
pietrotoscanini@pasqua-marangoni.eu,pietrotoscanini@pasqua-marangoni.eu
pieroluna@cavanna.org,pieroluna@cavanna.org
piergiorgiosandi@hotmail.com,piergiorgiosandi@hotmail.com
peqyoiwnqp@,Email non valida
pepegabriele@gmail.com,pepegabriele@gmail.com
pellegrino16@valguarnera.com,pellegrino16@valguarnera.com
pdxjfgykhe@,Email non valida
pavarottiermanno@sraffa.eu,pavarottiermanno@sraffa.eu
pasquale65@palazzo.eu,pasquale65@palazzo.eu
pascarellaletizia@yahoo.com,pascarellaletizia@yahoo.com
paridebonino@tin.it,paridebonino@tin.it
paolinimatilda@vodafone.it,paolinimatilda@vodafone.it
paola05@lucchesi.it,paola05@lucchesi.it
padtgpohjj@,Email non valida
ovadiarosa@outlook.com,ovadiarosa@outlook.com
ottavio40@poste.it,ottavio40@poste.it
ostrangio@righi.eu,ostrangio@righi.eu
orteseennio@ficino.it,orteseennio@ficino.it
ornellamoneta@gmail.com,ornellamoneta@gmail.com
ogizqaaiqh@,Email non valida
ofagiani@alice.it,ofagiani@alice.it
oeuwwciarz@,Email non valida
ocossiga@interminelli-turati.eu,ocossiga@interminelli-turati.eu
nyosyrsagn@,Email non valida
ntrobbiani@outlook.com,ntrobbiani@outlook.com
nlrfdytvdr@,Email non valida
nkjispkcqy@,Email non valida
nhbhmncjzk@,Email non valida
ncrboinsau@,Email non valida
nantonello@foscari.it,nantonello@foscari.it
nadiacalbo@hotmail.it,nadiacalbo@hotmail.it
mvkdfxkolg@,Email non valida
michelotto69@tele2.it,michelotto69@tele2.it
mercedeszaccardo@poste.it,mercedeszaccardo@poste.it
mercallicarolina@tele2.it,mercallicarolina@tele2.it
mazzeofernanda@niscoromni.it,mazzeofernanda@niscoromni.it
mauriliopratesi@manacorda.com,mauriliopratesi@manacorda.com
marissa27@foa.org,marissa27@foa.org
marissa19@carducci-lucarelli.it,marissa19@carducci-lucarelli.it
mariapolesel@soprano-ferrazzi.it,mariapolesel@soprano-ferrazzi.it
margheritarensi@fieramosca-virgilio.com,margheritarensi@fieramosca-virgilio.com
marcello77@tozzo.net,marcello77@tozzo.net
marazzitiziana@filippelli.eu,marazzitiziana@filippelli.eu
luigina21@satriani.it,luigina21@satriani.it
lucia12@capone.com,lucia12@capone.com
lqcfvbjqel@,Email non valida
lorenzo07@morosini.it,lorenzo07@morosini.it
lisaiannelli@live.com,lisaiannelli@live.com
lina72@alice.it,lina72@alice.it
lettaenzo@poste.it,lettaenzo@poste.it
leopardisante@alice.it,leopardisante@alice.it
lcatenazzi@nibali.com,lcatenazzi@nibali.com
lambertodellucci@libero.it,lambertodellucci@libero.it
kzxzlfnmus@,Email non valida
kvespa@virgilio.it,kvespa@virgilio.it
kfatfufpnh@,Email non valida
juvaraluigi@gmail.com,juvaraluigi@gmail.com
jupapaaiad@,Email non valida
jruefvbuat@,Email non valida
jorsini@antonioni.com,jorsini@antonioni.com
jltsnxugml@,Email non valida
jleonardi@virgilio.it,jleonardi@virgilio.it
jktmvriysy@,Email non valida
jfaugno@donatoni.it,jfaugno@donatoni.it
jcastelli@gmail.com,jcastelli@gmail.com
iziwgiapro@,Email non valida
ithqmcijha@,Email non valida
iraiwewrts@,Email non valida
inewpsauyy@,Email non valida
imelda93@hotmail.com,imelda93@hotmail.com
ibrichese@dallape.it,ibrichese@dallape.it
hxvhariocb@,Email non valida
hxtpgahljb@,Email non valida
hugo49@correr.com,hugo49@correr.com
hugo19@correr.it,hugo19@correr.it
htuzzolino@live.com,htuzzolino@live.com
hsauli@callegaro-scarfoglio.com,hsauli@callegaro-scarfoglio.com
hmwzqpgsmf@,Email non valida
hmimun@libero.it,hmimun@libero.it
hmantegna@fastwebnet.it,hmantegna@fastwebnet.it
hlfgtmazdr@,Email non valida
hbarese@hotmail.it,hbarese@hotmail.it
gxhphevxhm@,Email non valida
gwocarygjx@,Email non valida
guuoggebze@,Email non valida
guarinorusso@alice.it,guarinorusso@alice.it
grittiluisa@tin.it,grittiluisa@tin.it
grecaricci@castioni-paolini.com,grecaricci@castioni-paolini.com
gkcirvemfy@,Email non valida
giulio26@poste.it,giulio26@poste.it
giulianotozzo@trombetta-sermonti.net,giulianotozzo@trombetta-sermonti.net
giradelloromana@gmail.com,giradelloromana@gmail.com
giosuerandazzo@poste.it,giosuerandazzo@poste.it
giosuecaccianemico@taliercio.it,giosuecaccianemico@taliercio.it
giorgiamastandrea@tim.it,giorgiamastandrea@tim.it
gioelebaresi@galvani.com,gioelebaresi@galvani.com
gilbertodepero@greco-virgilio.eu,gilbertodepero@greco-virgilio.eu
gianpietro25@bragadin-montanelli.it,gianpietro25@bragadin-montanelli.it
giannigasperi@libero.it,giannigasperi@libero.it
gianni97@poste.it,gianni97@poste.it
gianinazziamleto@roccabonella.net,gianinazziamleto@roccabonella.net
gianfrancogussoni@hotmail.it,gianfrancogussoni@hotmail.it
gianfrancescoodescalchi@tele2.it,gianfrancescoodescalchi@tele2.it
giampiero79@milanesi-monteverdi.eu,giampiero79@milanesi-monteverdi.eu
giampiero15@libero.it,giampiero15@libero.it
gfantozzi@lombardi-albertini.org,gfantozzi@lombardi-albertini.org
gemmacarocci@libero.it,gemmacarocci@libero.it
gbxoqjgevl@,Email non valida
fudnnzdkzc@,Email non valida
fswguikzjn@,Email non valida
fredopennetta@gmail.com,fredopennetta@gmail.com
fortunata48@fastwebnet.it,fortunata48@fastwebnet.it
flavia79@verga.net,flavia79@verga.net
fjhnhbpjsq@,Email non valida
filippotoselli@bergoglio.net,filippotoselli@bergoglio.net
filippo67@tim.it,filippo67@tim.it
fgarozzo@fastwebnet.it,fgarozzo@fastwebnet.it
ferdinandomalenchini@samele.it,ferdinandomalenchini@samele.it
ferdinando32@doglioni.it,ferdinando32@doglioni.it
favataclelia@fastwebnet.it,favataclelia@fastwebnet.it
ewwwkjryhg@,Email non valida
eva04@fastwebnet.it,eva04@fastwebnet.it
eugeniabellucci@alice.it,eugeniabellucci@alice.it
etravaglia@vodafone.it,etravaglia@vodafone.it
esotzutxzv@,Email non valida
ernesto81@iannelli.com,ernesto81@iannelli.com
ermenegildo19@balotelli.it,ermenegildo19@balotelli.it
erbgehcwle@,Email non valida
eraldoroero@gmail.com,eraldoroero@gmail.com
eraldo34@gibilisco-iannucci.com,eraldo34@gibilisco-iannucci.com
eraldo32@gmail.com,eraldo32@gmail.com
eozosyaizn@,Email non valida
eoufojetub@,Email non valida
enziobrenna@giorgetti-fantoni.it,enziobrenna@giorgetti-fantoni.it
emercalli@fastwebnet.it,emercalli@fastwebnet.it
elvirabova@hotmail.com,elvirabova@hotmail.com
elvira72@emanuelli.it,elvira72@emanuelli.it
elena84@virgilio.it,elena84@virgilio.it
eleanora40@libero.it,eleanora40@libero.it
efantozzi@virgilio.it,efantozzi@virgilio.it
dpsidfdwuu@,Email non valida
dpiazzi@tim.it,dpiazzi@tim.it
donatofuseli@beccaria.net,donatofuseli@beccaria.net
dmqkklzwbk@,Email non valida
dmimun@tiscali.it,dmimun@tiscali.it
dlucchesi@schiavone.it,dlucchesi@schiavone.it
dgvkpzvurq@,Email non valida
delfino63@novaro.it,delfino63@novaro.it
dchiaramonte@renier-impastato.net,dchiaramonte@renier-impastato.net
daria70@segre.com,daria70@segre.com
danilostefanelli@outlook.com,danilostefanelli@outlook.com
czpcqdpshp@,Email non valida
czola@condoleo.org,czola@condoleo.org
cusanogioachino@ossola.org,cusanogioachino@ossola.org
curciamedeo@libero.it,curciamedeo@libero.it
cristoforettirosario@perini-fo.it,cristoforettirosario@perini-fo.it
corradobernini@poste.it,corradobernini@poste.it
comenciniadelasia@cuda.it,comenciniadelasia@cuda.it
clqtcdxbcv@,Email non valida
cliguori@maggioli.net,cliguori@maggioli.net
cignarolirocco@duodo.it,cignarolirocco@duodo.it
chittoliniromana@vodafone.it,chittoliniromana@vodafone.it
chiaragabbana@tele2.it,chiaragabbana@tele2.it
cfqzanrgeh@,Email non valida
cdetti@praga-guarana.com,cdetti@praga-guarana.com
casellatirosa@crispi.it,casellatirosa@crispi.it
camillogotti@fastwebnet.it,camillogotti@fastwebnet.it
camicionenanni@virgilio.it,camicionenanni@virgilio.it
calgarililla@gmail.com,calgarililla@gmail.com
cablyvqcin@,Email non valida
buscettasilvia@luzi-pacetti.com,buscettasilvia@luzi-pacetti.com
btyelkfjnk@,Email non valida
brunotomei@cicilia.eu,brunotomei@cicilia.eu
brugnarogiampiero@tiscali.it,brugnarogiampiero@tiscali.it
botticellimirco@gmail.com,botticellimirco@gmail.com
bjdhqtcetw@,Email non valida
biagio45@pertini.com,biagio45@pertini.com
bfilippelli@tim.it,bfilippelli@tim.it
bernardininatalia@morgagni.eu,bernardininatalia@morgagni.eu
benitoaldobrandi@zaguri.it,benitoaldobrandi@zaguri.it
benedettocanali@poste.it,benedettocanali@poste.it
beatriceabate@boito-pinamonte.net,beatriceabate@boito-pinamonte.net
battistialessio@geraci.net,battistialessio@geraci.net
barziniernesto@vivaldi-dalla.it,barziniernesto@vivaldi-dalla.it
bartolomeomanacorda@tim.it,bartolomeomanacorda@tim.it
barberinivittorio@conti-beccheria.com,barberinivittorio@conti-beccheria.com
bajamontiantonietta@gagliardi-mantegna.com,bajamontiantonietta@gagliardi-mantegna.com
auroravenditti@libero.it,auroravenditti@libero.it
aurorafabrizi@gmail.com,aurorafabrizi@gmail.com
arsenio23@tin.it,arsenio23@tin.it
arsenio14@ortolani.eu,arsenio14@ortolani.eu
arnulfotrincavelli@bottigliero-murialdo.com,arnulfotrincavelli@bottigliero-murialdo.com
ariadona@contarini.com,ariadona@contarini.com
argentimarissa@maspero-romiti.org,argentimarissa@maspero-romiti.org
antonina52@gmail.com,antonina52@gmail.com
antonietta86@pizzetti.com,antonietta86@pizzetti.com
antonelloansaldo@libero.it,antonelloansaldo@libero.it
annetta40@outlook.com,annetta40@outlook.com
annamariaverdi@pometta.it,annamariaverdi@pometta.it
anguissolasilvestro@rizzo.it,anguissolasilvestro@rizzo.it
angelicapetruzzi@giannini-montessori.org,angelicapetruzzi@giannini-montessori.org
amorabito@argurio.org,amorabito@argurio.org
amletogaiatto@tiscali.it,amletogaiatto@tiscali.it
amletocuratoli@veneziano.it,amletocuratoli@veneziano.it
alonziarmando@gmail.com,alonziarmando@gmail.com
allegra80@salandra-ramazzotti.it,allegra80@salandra-ramazzotti.it
alfio07@gmail.com,alfio07@gmail.com
alessiononis@gilardoni.eu,alessiononis@gilardoni.eu
alessandra12@outlook.com,alessandra12@outlook.com
alboniilaria@alice.it,alboniilaria@alice.it
alberico54@hotmail.com,alberico54@hotmail.com
ahhpaummgu@,Email non valida
agnolomicca@poste.it,agnolomicca@poste.it
adelmobabbo@gmail.com,adelmobabbo@gmail.com
adelmo38@germano-carducci.com,adelmo38@germano-carducci.com
adele11@olivetti.it,adele11@olivetti.it
adelasia52@yahoo.com,adelasia52@yahoo.com